INSERT INTO `ehotelsdb`.`hotel_chain` (`hotel_chain_ID`, `address_COF`, `num_hotels`, `email`, `phone_num`) VALUES ('TNC Hotels', '3001 Sacrilege Avenue', '50', 'TNC@tnc.com', '6134560909');
INSERT INTO `ehotelsdb`.`hotel_chain` (`hotel_chain_ID`, `address_COF`, `num_hotels`, `email`, `phone_num`) VALUES ('The Barriot', '789 Mountain Way', '15', 'barriot@barriot.com', '8294580919');
INSERT INTO `ehotelsdb`.`hotel_chain` (`hotel_chain_ID`, `address_COF`, `num_hotels`, `email`, `phone_num`) VALUES ('Monak Inn', ' 969 Dwayne Ridge', '90', 'monakt@monak.com', '5243503604');
INSERT INTO `ehotelsdb`.`hotel_chain` (`hotel_chain_ID`, `address_COF`, `num_hotels`, `email`, `phone_num`) VALUES ('Phab Hotel', '1010 Phabalouz road', '200', 'Phab@Phab.com', '5903508705');
INSERT INTO `ehotelsdb`.`hotel_chain` (`hotel_chain_ID`, `address_COF`, `num_hotels`, `email`, `phone_num`) VALUES ('Stone Hotels', '927 Odonnell Stravenue', '457', 'StoneM@StoneH.com', '3691311029');










INSERT INTO `ehotelsdb`.`hotel` (`hotel_chain_ID`, `hotel_ID`, `address`, `email`, `rating`, `num_rooms`) VALUES ('TNC Hotels', 'Aurora Vista Hotel', '1187 Sunset Boulevard, California', 'contact@auroravista.com', '9', '5');
INSERT INTO `ehotelsdb`.`hotel` (`hotel_chain_ID`, `hotel_ID`, `address`, `email`, `rating`, `num_rooms`) VALUES ('TNC Hotels', 'Celestial Retreat', '452 Starlight Lane, Orlando', 'stay@celestialretreat.org', '8.2', '5');
INSERT INTO `ehotelsdb`.`hotel` (`hotel_chain_ID`, `hotel_ID`, `address`, `email`, `rating`, `num_rooms`) VALUES ('TNC Hotels', 'Eclipse Boutique Hotel', '1992 Monkey Street, California', 'eclipseHotel@eclipseHotel.com', '9.4', '5');
INSERT INTO `ehotelsdb`.`hotel` (`hotel_chain_ID`, `hotel_ID`, `address`, `email`, `rating`, `num_rooms`) VALUES ('TNC Hotels', 'Mirage Oasis Hotel', '321 Mirage Avenue, Bahamas', 'hello@mirageoasishotel.net', '7.6', '5');
INSERT INTO `ehotelsdb`.`hotel` (`hotel_chain_ID`, `hotel_ID`, `address`, `email`, `rating`, `num_rooms`) VALUES ('TNC Hotels', 'Nebula Navigator Inn', '2345 Galaxy Way, Washington', 'info@nebulanavigatorinn.space', '9.8', '5');
INSERT INTO `ehotelsdb`.`hotel` (`hotel_chain_ID`, `hotel_ID`, `address`, `email`, `rating`, `num_rooms`) VALUES ('TNC Hotels', 'Phantom Plaza', '788 Ghostly Lane, Kansas', 'bookings@phantomplaza.com', '8.1', '5');
INSERT INTO `ehotelsdb`.`hotel` (`hotel_chain_ID`, `hotel_ID`, `address`, `email`, `rating`, `num_rooms`) VALUES ('TNC Hotels', 'Quartz Qastle Hotel', '777 Crystal Court, Chicago', 'stay@quartzqastle.com', '9.3', '5');
INSERT INTO `ehotelsdb`.`hotel` (`hotel_chain_ID`, `hotel_ID`, `address`, `email`, `rating`, `num_rooms`) VALUES ('TNC Hotels', 'Radiant Reef Resort', '8888 Coral Cove, Toronto', 'reef@radiantresort.com', '9.9', '5');
INSERT INTO `ehotelsdb`.`hotel` (`hotel_chain_ID`, `hotel_ID`, `address`, `email`, `rating`, `num_rooms`) VALUES ('The Barriot', 'Sapphire Springs Hotel', '1111 Bluewater Bay, Bahamas', 'contact@auroravista.com', '9', '5');
INSERT INTO `ehotelsdb`.`hotel` (`hotel_chain_ID`, `hotel_ID`, `address`, `email`, `rating`, `num_rooms`) VALUES ('The Barriot', 'Twilight Tower', '222 Dusk Drive, Bahamas', 'info@twilighttower.com', '7.9', '5');
INSERT INTO `ehotelsdb`.`hotel` (`hotel_chain_ID`, `hotel_ID`, `address`, `email`, `rating`, `num_rooms`) VALUES ('The Barriot', 'Utopia Urban Hotel', '333 Paradise Lane, Toronto', 'stay@utopiaurban.com', '8.7', '5');
INSERT INTO `ehotelsdb`.`hotel` (`hotel_chain_ID`, `hotel_ID`, `address`, `email`, `rating`, `num_rooms`) VALUES ('The Barriot', 'Roses Hotel', '199 Flower Way, Toronto', 'rose@roseHotel.net', '9.9', '5');
INSERT INTO `ehotelsdb`.`hotel` (`hotel_chain_ID`, `hotel_ID`, `address`, `email`, `rating`, `num_rooms`) VALUES ('The Barriot', 'Voyager Valley Lodge', '4444 Explorer Road, Vancouver', 'lodge@voyagervalley.com', '9.8', '5');
INSERT INTO `ehotelsdb`.`hotel` (`hotel_chain_ID`, `hotel_ID`, `address`, `email`, `rating`, `num_rooms`) VALUES ('The Barriot', 'Whispering Willow Hotel', '5555 Willow Way, Vancouver', 'welcome@whisperingwillow.com', '8.1', '5');
INSERT INTO `ehotelsdb`.`hotel` (`hotel_chain_ID`, `hotel_ID`, `address`, `email`, `rating`, `num_rooms`) VALUES ('The Barriot', 'Xanadu Xperience Resort', '668 Dream Drive, Halifax', 'xperience@xanadux.com', '7.2', '5');
INSERT INTO `ehotelsdb`.`hotel` (`hotel_chain_ID`, `hotel_ID`, `address`, `email`, `rating`, `num_rooms`) VALUES ('The Barriot', 'Yonder Yacht Club', '7787 Ocean View, Halifax', 'yachtclub@yonderyacht.com', '9.4', '5');
INSERT INTO `ehotelsdb`.`hotel` (`hotel_chain_ID`, `hotel_ID`, `address`, `email`, `rating`, `num_rooms`) VALUES ('Monak Inn', 'Zenith Zen Hotel', '838 Zenith Peak, Tokyo', 'peace@zenithzen.com', '6.8', '5');
INSERT INTO `ehotelsdb`.`hotel` (`hotel_chain_ID`, `hotel_ID`, `address`, `email`, `rating`, `num_rooms`) VALUES ('Monak Inn', 'Arcadia Arches Hotel', '987 Arcadia Avenue, Kyoto', 'stay@arcadiaarches.com', '8.7', '5');
INSERT INTO `ehotelsdb`.`hotel` (`hotel_chain_ID`, `hotel_ID`, `address`, `email`, `rating`, `num_rooms`) VALUES ('Monak Inn', 'Elysian Retreat Hotel', '128 Serenity Loop, Kyoto', 'contact@elysianretreathotel.com', '8.2', '5');
INSERT INTO `ehotelsdb`.`hotel` (`hotel_chain_ID`, `hotel_ID`, `address`, `email`, `rating`, `num_rooms`) VALUES ('Monak Inn', 'Azure Marina Hotel', '55 Sea Drive, Monaco', 'stay@azuremarinahotel.com', '7.3', '5');
INSERT INTO `ehotelsdb`.`hotel` (`hotel_chain_ID`, `hotel_ID`, `address`, `email`, `rating`, `num_rooms`) VALUES ('Monak Inn', 'Golden Sands Resort', '780 Desert Boulevard, Dubai', 'reservations@goldensandsresort.com', '9.6', '5');
INSERT INTO `ehotelsdb`.`hotel` (`hotel_chain_ID`, `hotel_ID`, `address`, `email`, `rating`, `num_rooms`) VALUES ('Monak Inn', 'Crystal Heights Hotel', '88 Jewel Lane, Beirut', 'bookings@crystalheightshotel.com', '9.0', '5');
INSERT INTO `ehotelsdb`.`hotel` (`hotel_chain_ID`, `hotel_ID`, `address`, `email`, `rating`, `num_rooms`) VALUES ('Monak Inn', 'Silver Peak Hotel', '307 Mountain Ridge, St-Petersburg', 'contact@silverpeakhotel.com', '7.9', '5');
INSERT INTO `ehotelsdb`.`hotel` (`hotel_chain_ID`, `hotel_ID`, `address`, `email`, `rating`, `num_rooms`) VALUES ('Monak Inn', 'Emerald Lake Hotel', '550 Emerald Drive, San Juan', 'info@emeraldlakehotel.com', '9.8', '5');
INSERT INTO `ehotelsdb`.`hotel` (`hotel_chain_ID`, `hotel_ID`, `address`, `email`, `rating`, `num_rooms`) VALUES ('Phab Hotel', 'East Scottmouth Resort Hotel', '5665 Austin Summit, Salzburg', 'angelapacheco@daniels.com', '6.7', '5');
INSERT INTO `ehotelsdb`.`hotel` (`hotel_chain_ID`, `hotel_ID`, `address`, `email`, `rating`, `num_rooms`) VALUES ('Phab Hotel', 'Lake Carriefurt Garden Hotel', '52657 Lee Corners, Venice', 'lakecarriefurtgarden@hotelmail.com', '8.4', '5');
INSERT INTO `ehotelsdb`.`hotel` (`hotel_chain_ID`, `hotel_ID`, `address`, `email`, `rating`, `num_rooms`) VALUES ('Phab Hotel', 'Kramerbury Central Hotel', ' 02615 John Bridge, Salzburg', 'kramerburycentral@hotelmail.com', '5.0', '5');
INSERT INTO `ehotelsdb`.`hotel` (`hotel_chain_ID`, `hotel_ID`, `address`, `email`, `rating`, `num_rooms`) VALUES ('Phab Hotel', 'North Lindsay Park Hotel', '386 Nathaniel Camp, Houston', 'northlindsaypark@hotelmail.com', '7.3', '5');
INSERT INTO `ehotelsdb`.`hotel` (`hotel_chain_ID`, `hotel_ID`, `address`, `email`, `rating`, `num_rooms`) VALUES ('Phab Hotel', 'Kevintown Grand Hotel', '2179 Sims Harbor Suite, Valletta', 'kevintowngrand@hotelmail.com', '9.6', '5');
INSERT INTO `ehotelsdb`.`hotel` (`hotel_chain_ID`, `hotel_ID`, `address`, `email`, `rating`, `num_rooms`) VALUES ('Phab Hotel', 'Medinaside Resort Hotel', '3278 Price Mills Suite, Amsterdam', 'medinasideresort@hotelmail.com', '9.8', '5');
INSERT INTO `ehotelsdb`.`hotel` (`hotel_chain_ID`, `hotel_ID`, `address`, `email`, `rating`, `num_rooms`) VALUES ('Phab Hotel', 'West Royal Hotel', '567 Royal Avenue, Miami', 'RoyalWest@royal.com', '9.3', '5');
INSERT INTO `ehotelsdb`.`hotel` (`hotel_chain_ID`, `hotel_ID`, `address`, `email`, `rating`, `num_rooms`) VALUES ('Phab Hotel', 'West William Grand Hotel', '7819 Snow Cape, Dallas', 'westwilliamgrand@booking.com', '8.1', '5');
INSERT INTO `ehotelsdb`.`hotel` (`hotel_chain_ID`, `hotel_ID`, `address`, `email`, `rating`, `num_rooms`) VALUES ('Stone Hotels', 'Griffithbury Resort Hotel', '547 Matthew Unions, Washington', 'griffithburyresort@hotelmail.com', '7.8', '5');
INSERT INTO `ehotelsdb`.`hotel` (`hotel_chain_ID`, `hotel_ID`, `address`, `email`, `rating`, `num_rooms`) VALUES ('Stone Hotels', 'Reidborough Royal Hotel', '6784 Stafford Park, Miami', 'reidboroughroyal@hotelmail.com', '8.4', '5');
INSERT INTO `ehotelsdb`.`hotel` (`hotel_chain_ID`, `hotel_ID`, `address`, `email`, `rating`, `num_rooms`) VALUES ('Stone Hotels', 'Jamieberg Royal Hotel', '6544 Jones Circles, Miami', 'jamiebergroyal@hotelmail.com', '9.0', '5');
INSERT INTO `ehotelsdb`.`hotel` (`hotel_chain_ID`, `hotel_ID`, `address`, `email`, `rating`, `num_rooms`) VALUES ('Stone Hotels', 'New Amberfurt Grand Hotel', '147 Dawn Mountain, Miami', 'newamberfurtgrand@hotelmail.com', '7.2', '5');
INSERT INTO `ehotelsdb`.`hotel` (`hotel_chain_ID`, `hotel_ID`, `address`, `email`, `rating`, `num_rooms`) VALUES ('Stone Hotels', 'North Jasmineshire Plaza Hotel', '767 Galloway Canyon, Nevada', 'northjasmineshireplaza@hotelmail.com', '9.6', '5');
INSERT INTO `ehotelsdb`.`hotel` (`hotel_chain_ID`, `hotel_ID`, `address`, `email`, `rating`, `num_rooms`) VALUES ('Stone Hotels', 'Paulbury Plaza Hotel', '3278 Price Mills Suite 552, Valencia', 'paulburyplaza@hotelmail.com', '7.6', '5');
INSERT INTO `ehotelsdb`.`hotel` (`hotel_chain_ID`, `hotel_ID`, `address`, `email`, `rating`, `num_rooms`) VALUES ('Stone Hotels', 'Tammytown Plaza Hotel', '2220 Martin Brooks, Osaka', 'tammytownplaza@hotelmail.com', '7.1', '5');
INSERT INTO `ehotelsdb`.`hotel` (`hotel_chain_ID`, `hotel_ID`, `address`, `email`, `rating`, `num_rooms`) VALUES ('Stone Hotels', 'Brownside Central Hotel', '132 Cook Walk, Ottawa', 'brownsidecentral@hotelmail.com', '8.1', '5');







INSERT INTO `ehotelsdb`.`room` (`hotel_chain_ID`, `hotel_ID`, `room_ID`, `room_number`, `price`, `amenities`, `capacity`, `view`, `is_extendable`, `damage_list`, `room_status`) VALUES ('TNC Hotels',  'Aurora Vista Hotel', '1', '1', '176', 'full', '7', 'Sea', '1', 'none', 'available');
INSERT INTO `ehotelsdb`.`room` (`hotel_chain_ID`, `hotel_ID`, `room_ID`, `room_number`, `price`, `amenities`, `capacity`, `view`, `is_extendable`, `damage_list`, `room_status`) VALUES ('TNC Hotels',  'Aurora Vista Hotel', '2', '2', '323', 'full', '4', 'Mountain', '0', 'none', 'available');
INSERT INTO `ehotelsdb`.`room` (`hotel_chain_ID`, `hotel_ID`, `room_ID`, `room_number`, `price`, `amenities`, `capacity`, `view`, `is_extendable`, `damage_list`, `room_status`) VALUES ('TNC Hotels',  'Aurora Vista Hotel', '3', '3', '455', 'full', '8', 'Mountain', '0', 'none', 'available');
INSERT INTO `ehotelsdb`.`room` (`hotel_chain_ID`, `hotel_ID`, `room_ID`, `room_number`, `price`, `amenities`, `capacity`, `view`, `is_extendable`, `damage_list`, `room_status`) VALUES ('TNC Hotels',  'Aurora Vista Hotel', '4', '4', '119', 'full', '9', 'Sea', '1', 'none', 'available');
INSERT INTO `ehotelsdb`.`room` (`hotel_chain_ID`, `hotel_ID`, `room_ID`, `room_number`, `price`, `amenities`, `capacity`, `view`, `is_extendable`, `damage_list`, `room_status`) VALUES ('TNC Hotels',  'Aurora Vista Hotel', '5', '5', '224', 'full', '3', 'Mountain', '1', 'none', 'available');
INSERT INTO `ehotelsdb`.`room` (`hotel_chain_ID`, `hotel_ID`, `room_ID`, `room_number`, `price`, `amenities`, `capacity`, `view`, `is_extendable`, `damage_list`, `room_status`) VALUES ('TNC Hotels',  'Celestial Retreat', '6', '6', '349', 'full', '8', 'Mountain', '0', 'none', 'available');
INSERT INTO `ehotelsdb`.`room` (`hotel_chain_ID`, `hotel_ID`, `room_ID`, `room_number`, `price`, `amenities`, `capacity`, `view`, `is_extendable`, `damage_list`, `room_status`) VALUES ('TNC Hotels',  'Celestial Retreat', '7', '7', '363', 'full', '3', 'Mountain', '1', 'none', 'available');
INSERT INTO `ehotelsdb`.`room` (`hotel_chain_ID`, `hotel_ID`, `room_ID`, `room_number`, `price`, `amenities`, `capacity`, `view`, `is_extendable`, `damage_list`, `room_status`) VALUES ('TNC Hotels',  'Celestial Retreat', '8', '8', '34', 'full', '4', 'Sea', '0', 'none', 'available');
INSERT INTO `ehotelsdb`.`room` (`hotel_chain_ID`, `hotel_ID`, `room_ID`, `room_number`, `price`, `amenities`, `capacity`, `view`, `is_extendable`, `damage_list`, `room_status`) VALUES ('TNC Hotels',  'Celestial Retreat', '9', '9', '102', 'full', '2', 'Mountain', '1', 'none', 'available');
INSERT INTO `ehotelsdb`.`room` (`hotel_chain_ID`, `hotel_ID`, `room_ID`, `room_number`, `price`, `amenities`, `capacity`, `view`, `is_extendable`, `damage_list`, `room_status`) VALUES ('TNC Hotels',  'Celestial Retreat', '10', '10', '196', 'full', '10', 'Mountain', '1', 'none', 'available');
INSERT INTO `ehotelsdb`.`room` (`hotel_chain_ID`, `hotel_ID`, `room_ID`, `room_number`, `price`, `amenities`, `capacity`, `view`, `is_extendable`, `damage_list`, `room_status`) VALUES ('TNC Hotels',  'Eclipse Boutique Hotel', '11', '11', '338', 'full', '3', 'Mountain', '0', 'none', 'available');
INSERT INTO `ehotelsdb`.`room` (`hotel_chain_ID`, `hotel_ID`, `room_ID`, `room_number`, `price`, `amenities`, `capacity`, `view`, `is_extendable`, `damage_list`, `room_status`) VALUES ('TNC Hotels',  'Eclipse Boutique Hotel', '12', '12', '270', 'full', '9', 'Sea', '0', 'none', 'available');
INSERT INTO `ehotelsdb`.`room` (`hotel_chain_ID`, `hotel_ID`, `room_ID`, `room_number`, `price`, `amenities`, `capacity`, `view`, `is_extendable`, `damage_list`, `room_status`) VALUES ('TNC Hotels',  'Eclipse Boutique Hotel', '13', '13', '357', 'full', '5', 'Mountain', '0', 'none', 'available');
INSERT INTO `ehotelsdb`.`room` (`hotel_chain_ID`, `hotel_ID`, `room_ID`, `room_number`, `price`, `amenities`, `capacity`, `view`, `is_extendable`, `damage_list`, `room_status`) VALUES ('TNC Hotels',  'Eclipse Boutique Hotel', '14', '14', '38', 'full', '8', 'Sea', '1', 'none', 'available');
INSERT INTO `ehotelsdb`.`room` (`hotel_chain_ID`, `hotel_ID`, `room_ID`, `room_number`, `price`, `amenities`, `capacity`, `view`, `is_extendable`, `damage_list`, `room_status`) VALUES ('TNC Hotels',  'Eclipse Boutique Hotel', '15', '15', '426', 'full', '7', 'Mountain', '1', 'none', 'available');
INSERT INTO `ehotelsdb`.`room` (`hotel_chain_ID`, `hotel_ID`, `room_ID`, `room_number`, `price`, `amenities`, `capacity`, `view`, `is_extendable`, `damage_list`, `room_status`) VALUES ('TNC Hotels',  'Mirage Oasis Hotel', '16', '16', '276', 'full', '7', 'Mountain', '0', 'none', 'available');
INSERT INTO `ehotelsdb`.`room` (`hotel_chain_ID`, `hotel_ID`, `room_ID`, `room_number`, `price`, `amenities`, `capacity`, `view`, `is_extendable`, `damage_list`, `room_status`) VALUES ('TNC Hotels',  'Mirage Oasis Hotel', '17', '17', '202', 'full', '1', 'Mountain', '1', 'none', 'available');
INSERT INTO `ehotelsdb`.`room` (`hotel_chain_ID`, `hotel_ID`, `room_ID`, `room_number`, `price`, `amenities`, `capacity`, `view`, `is_extendable`, `damage_list`, `room_status`) VALUES ('TNC Hotels',  'Mirage Oasis Hotel', '18', '18', '361', 'full', '10', 'Mountain', '0', 'none', 'available');
INSERT INTO `ehotelsdb`.`room` (`hotel_chain_ID`, `hotel_ID`, `room_ID`, `room_number`, `price`, `amenities`, `capacity`, `view`, `is_extendable`, `damage_list`, `room_status`) VALUES ('TNC Hotels',  'Mirage Oasis Hotel', '19', '19', '205', 'full', '6', 'Sea', '0', 'none', 'available');
INSERT INTO `ehotelsdb`.`room` (`hotel_chain_ID`, `hotel_ID`, `room_ID`, `room_number`, `price`, `amenities`, `capacity`, `view`, `is_extendable`, `damage_list`, `room_status`) VALUES ('TNC Hotels',  'Mirage Oasis Hotel', '20', '20', '398', 'full', '7', 'Mountain', '0', 'none', 'available');
INSERT INTO `ehotelsdb`.`room` (`hotel_chain_ID`, `hotel_ID`, `room_ID`, `room_number`, `price`, `amenities`, `capacity`, `view`, `is_extendable`, `damage_list`, `room_status`) VALUES ('TNC Hotels',  'Nebula Navigator Inn', '21', '21', '169', 'full', '4', 'Sea', '0', 'none', 'available');
INSERT INTO `ehotelsdb`.`room` (`hotel_chain_ID`, `hotel_ID`, `room_ID`, `room_number`, `price`, `amenities`, `capacity`, `view`, `is_extendable`, `damage_list`, `room_status`) VALUES ('TNC Hotels',  'Nebula Navigator Inn', '22', '22', '386', 'full', '9', 'Sea', '0', 'none', 'available');
INSERT INTO `ehotelsdb`.`room` (`hotel_chain_ID`, `hotel_ID`, `room_ID`, `room_number`, `price`, `amenities`, `capacity`, `view`, `is_extendable`, `damage_list`, `room_status`) VALUES ('TNC Hotels',  'Nebula Navigator Inn', '23', '23', '230', 'full', '7', 'Mountain', '0', 'none', 'available');
INSERT INTO `ehotelsdb`.`room` (`hotel_chain_ID`, `hotel_ID`, `room_ID`, `room_number`, `price`, `amenities`, `capacity`, `view`, `is_extendable`, `damage_list`, `room_status`) VALUES ('TNC Hotels',  'Nebula Navigator Inn', '24', '24', '122', 'full', '10', 'Sea', '1', 'none', 'available');
INSERT INTO `ehotelsdb`.`room` (`hotel_chain_ID`, `hotel_ID`, `room_ID`, `room_number`, `price`, `amenities`, `capacity`, `view`, `is_extendable`, `damage_list`, `room_status`) VALUES ('TNC Hotels',  'Nebula Navigator Inn', '25', '25', '120', 'full', '7', 'Sea', '0', 'none', 'available');
INSERT INTO `ehotelsdb`.`room` (`hotel_chain_ID`, `hotel_ID`, `room_ID`, `room_number`, `price`, `amenities`, `capacity`, `view`, `is_extendable`, `damage_list`, `room_status`) VALUES ('TNC Hotels',  'Phantom Plaza', '26', '26', '192', 'full', '1', 'Mountain', '0', 'none', 'available');
INSERT INTO `ehotelsdb`.`room` (`hotel_chain_ID`, `hotel_ID`, `room_ID`, `room_number`, `price`, `amenities`, `capacity`, `view`, `is_extendable`, `damage_list`, `room_status`) VALUES ('TNC Hotels',  'Phantom Plaza', '27', '27', '103', 'full', '5', 'Mountain', '0', 'none', 'available');
INSERT INTO `ehotelsdb`.`room` (`hotel_chain_ID`, `hotel_ID`, `room_ID`, `room_number`, `price`, `amenities`, `capacity`, `view`, `is_extendable`, `damage_list`, `room_status`) VALUES ('TNC Hotels',  'Phantom Plaza', '28', '28', '105', 'full', '1', 'Sea', '0', 'none', 'available');
INSERT INTO `ehotelsdb`.`room` (`hotel_chain_ID`, `hotel_ID`, `room_ID`, `room_number`, `price`, `amenities`, `capacity`, `view`, `is_extendable`, `damage_list`, `room_status`) VALUES ('TNC Hotels',  'Phantom Plaza', '29', '29', '31', 'full', '2', 'Mountain', '0', 'none', 'available');
INSERT INTO `ehotelsdb`.`room` (`hotel_chain_ID`, `hotel_ID`, `room_ID`, `room_number`, `price`, `amenities`, `capacity`, `view`, `is_extendable`, `damage_list`, `room_status`) VALUES ('TNC Hotels',  'Phantom Plaza', '30', '30', '492', 'full', '1', 'Mountain', '1', 'none', 'available');
INSERT INTO `ehotelsdb`.`room` (`hotel_chain_ID`, `hotel_ID`, `room_ID`, `room_number`, `price`, `amenities`, `capacity`, `view`, `is_extendable`, `damage_list`, `room_status`) VALUES ('TNC Hotels',  'Quartz Qastle Hotel', '31', '31', '174', 'full', '4', 'Mountain', '1', 'none', 'available');
INSERT INTO `ehotelsdb`.`room` (`hotel_chain_ID`, `hotel_ID`, `room_ID`, `room_number`, `price`, `amenities`, `capacity`, `view`, `is_extendable`, `damage_list`, `room_status`) VALUES ('TNC Hotels',  'Quartz Qastle Hotel', '32', '32', '500', 'full', '4', 'Mountain', '1', 'none', 'available');
INSERT INTO `ehotelsdb`.`room` (`hotel_chain_ID`, `hotel_ID`, `room_ID`, `room_number`, `price`, `amenities`, `capacity`, `view`, `is_extendable`, `damage_list`, `room_status`) VALUES ('TNC Hotels',  'Quartz Qastle Hotel', '33', '33', '440', 'full', '1', 'Sea', '1', 'none', 'available');
INSERT INTO `ehotelsdb`.`room` (`hotel_chain_ID`, `hotel_ID`, `room_ID`, `room_number`, `price`, `amenities`, `capacity`, `view`, `is_extendable`, `damage_list`, `room_status`) VALUES ('TNC Hotels',  'Quartz Qastle Hotel', '34', '34', '354', 'full', '10', 'Mountain', '1', 'none', 'available');
INSERT INTO `ehotelsdb`.`room` (`hotel_chain_ID`, `hotel_ID`, `room_ID`, `room_number`, `price`, `amenities`, `capacity`, `view`, `is_extendable`, `damage_list`, `room_status`) VALUES ('TNC Hotels',  'Quartz Qastle Hotel', '35', '35', '210', 'full', '2', 'Sea', '1', 'none', 'available');
INSERT INTO `ehotelsdb`.`room` (`hotel_chain_ID`, `hotel_ID`, `room_ID`, `room_number`, `price`, `amenities`, `capacity`, `view`, `is_extendable`, `damage_list`, `room_status`) VALUES ('TNC Hotels',  'Radiant Reef Resort', '36', '36', '242', 'full', '2', 'Mountain', '0', 'none', 'available');
INSERT INTO `ehotelsdb`.`room` (`hotel_chain_ID`, `hotel_ID`, `room_ID`, `room_number`, `price`, `amenities`, `capacity`, `view`, `is_extendable`, `damage_list`, `room_status`) VALUES ('TNC Hotels',  'Radiant Reef Resort', '37', '37', '286', 'full', '7', 'Mountain', '0', 'none', 'available');
INSERT INTO `ehotelsdb`.`room` (`hotel_chain_ID`, `hotel_ID`, `room_ID`, `room_number`, `price`, `amenities`, `capacity`, `view`, `is_extendable`, `damage_list`, `room_status`) VALUES ('TNC Hotels',  'Radiant Reef Resort', '38', '38', '41', 'full', '9', 'Mountain', '1', 'none', 'available');
INSERT INTO `ehotelsdb`.`room` (`hotel_chain_ID`, `hotel_ID`, `room_ID`, `room_number`, `price`, `amenities`, `capacity`, `view`, `is_extendable`, `damage_list`, `room_status`) VALUES ('TNC Hotels',  'Radiant Reef Resort', '39', '39', '93', 'full', '2', 'Sea', '1', 'none', 'available');
INSERT INTO `ehotelsdb`.`room` (`hotel_chain_ID`, `hotel_ID`, `room_ID`, `room_number`, `price`, `amenities`, `capacity`, `view`, `is_extendable`, `damage_list`, `room_status`) VALUES ('TNC Hotels',  'Radiant Reef Resort', '40', '40', '190', 'full', '8', 'Mountain', '1', 'none', 'available');
INSERT INTO `ehotelsdb`.`room` (`hotel_chain_ID`, `hotel_ID`, `room_ID`, `room_number`, `price`, `amenities`, `capacity`, `view`, `is_extendable`, `damage_list`, `room_status`) VALUES ('The Barriot',  'Sapphire Springs Hotel', '41', '41', '218', 'full', '5', 'Mountain', '0', 'none', 'available');
INSERT INTO `ehotelsdb`.`room` (`hotel_chain_ID`, `hotel_ID`, `room_ID`, `room_number`, `price`, `amenities`, `capacity`, `view`, `is_extendable`, `damage_list`, `room_status`) VALUES ('The Barriot',  'Sapphire Springs Hotel', '42', '42', '242', 'full', '9', 'Sea', '0', 'none', 'available');
INSERT INTO `ehotelsdb`.`room` (`hotel_chain_ID`, `hotel_ID`, `room_ID`, `room_number`, `price`, `amenities`, `capacity`, `view`, `is_extendable`, `damage_list`, `room_status`) VALUES ('The Barriot',  'Sapphire Springs Hotel', '43', '43', '112', 'full', '10', 'Mountain', '1', 'none', 'available');
INSERT INTO `ehotelsdb`.`room` (`hotel_chain_ID`, `hotel_ID`, `room_ID`, `room_number`, `price`, `amenities`, `capacity`, `view`, `is_extendable`, `damage_list`, `room_status`) VALUES ('The Barriot',  'Sapphire Springs Hotel', '44', '44', '185', 'full', '10', 'Sea', '0', 'none', 'available');
INSERT INTO `ehotelsdb`.`room` (`hotel_chain_ID`, `hotel_ID`, `room_ID`, `room_number`, `price`, `amenities`, `capacity`, `view`, `is_extendable`, `damage_list`, `room_status`) VALUES ('The Barriot',  'Sapphire Springs Hotel', '45', '45', '454', 'full', '7', 'Sea', '0', 'none', 'available');
INSERT INTO `ehotelsdb`.`room` (`hotel_chain_ID`, `hotel_ID`, `room_ID`, `room_number`, `price`, `amenities`, `capacity`, `view`, `is_extendable`, `damage_list`, `room_status`) VALUES ('The Barriot',  'Twilight Tower', '46', '46', '410', 'full', '7', 'Sea', '1', 'none', 'available');
INSERT INTO `ehotelsdb`.`room` (`hotel_chain_ID`, `hotel_ID`, `room_ID`, `room_number`, `price`, `amenities`, `capacity`, `view`, `is_extendable`, `damage_list`, `room_status`) VALUES ('The Barriot',  'Twilight Tower', '47', '47', '455', 'full', '5', 'Mountain', '0', 'none', 'available');
INSERT INTO `ehotelsdb`.`room` (`hotel_chain_ID`, `hotel_ID`, `room_ID`, `room_number`, `price`, `amenities`, `capacity`, `view`, `is_extendable`, `damage_list`, `room_status`) VALUES ('The Barriot',  'Twilight Tower', '48', '48', '174', 'full', '6', 'Sea', '1', 'none', 'available');
INSERT INTO `ehotelsdb`.`room` (`hotel_chain_ID`, `hotel_ID`, `room_ID`, `room_number`, `price`, `amenities`, `capacity`, `view`, `is_extendable`, `damage_list`, `room_status`) VALUES ('The Barriot',  'Twilight Tower', '49', '49', '414', 'full', '5', 'Sea', '0', 'none', 'available');
INSERT INTO `ehotelsdb`.`room` (`hotel_chain_ID`, `hotel_ID`, `room_ID`, `room_number`, `price`, `amenities`, `capacity`, `view`, `is_extendable`, `damage_list`, `room_status`) VALUES ('The Barriot',  'Twilight Tower', '50', '50', '195', 'full', '8', 'Sea', '0', 'none', 'available');
INSERT INTO `ehotelsdb`.`room` (`hotel_chain_ID`, `hotel_ID`, `room_ID`, `room_number`, `price`, `amenities`, `capacity`, `view`, `is_extendable`, `damage_list`, `room_status`) VALUES ('The Barriot',  'Utopia Urban Hotel', '51', '51', '174', 'full', '1', 'Sea', '0', 'none', 'available');
INSERT INTO `ehotelsdb`.`room` (`hotel_chain_ID`, `hotel_ID`, `room_ID`, `room_number`, `price`, `amenities`, `capacity`, `view`, `is_extendable`, `damage_list`, `room_status`) VALUES ('The Barriot',  'Utopia Urban Hotel', '52', '52', '302', 'full', '7', 'Mountain', '1', 'none', 'available');
INSERT INTO `ehotelsdb`.`room` (`hotel_chain_ID`, `hotel_ID`, `room_ID`, `room_number`, `price`, `amenities`, `capacity`, `view`, `is_extendable`, `damage_list`, `room_status`) VALUES ('The Barriot',  'Utopia Urban Hotel', '53', '53', '117', 'full', '5', 'Sea', '0', 'none', 'available');
INSERT INTO `ehotelsdb`.`room` (`hotel_chain_ID`, `hotel_ID`, `room_ID`, `room_number`, `price`, `amenities`, `capacity`, `view`, `is_extendable`, `damage_list`, `room_status`) VALUES ('The Barriot',  'Utopia Urban Hotel', '54', '54', '249', 'full', '8', 'Sea', '1', 'none', 'available');
INSERT INTO `ehotelsdb`.`room` (`hotel_chain_ID`, `hotel_ID`, `room_ID`, `room_number`, `price`, `amenities`, `capacity`, `view`, `is_extendable`, `damage_list`, `room_status`) VALUES ('The Barriot',  'Utopia Urban Hotel', '55', '55', '120', 'full', '9', 'Sea', '1', 'none', 'available');
INSERT INTO `ehotelsdb`.`room` (`hotel_chain_ID`, `hotel_ID`, `room_ID`, `room_number`, `price`, `amenities`, `capacity`, `view`, `is_extendable`, `damage_list`, `room_status`) VALUES ('The Barriot',  'Roses Hotel', '56', '56', '91', 'full', '7', 'Sea', '1', 'none', 'available');
INSERT INTO `ehotelsdb`.`room` (`hotel_chain_ID`, `hotel_ID`, `room_ID`, `room_number`, `price`, `amenities`, `capacity`, `view`, `is_extendable`, `damage_list`, `room_status`) VALUES ('The Barriot',  'Roses Hotel', '57', '57', '273', 'full', '1', 'Sea', '1', 'none', 'available');
INSERT INTO `ehotelsdb`.`room` (`hotel_chain_ID`, `hotel_ID`, `room_ID`, `room_number`, `price`, `amenities`, `capacity`, `view`, `is_extendable`, `damage_list`, `room_status`) VALUES ('The Barriot',  'Roses Hotel', '58', '58', '401', 'full', '4', 'Sea', '0', 'none', 'available');
INSERT INTO `ehotelsdb`.`room` (`hotel_chain_ID`, `hotel_ID`, `room_ID`, `room_number`, `price`, `amenities`, `capacity`, `view`, `is_extendable`, `damage_list`, `room_status`) VALUES ('The Barriot',  'Roses Hotel', '59', '59', '95', 'full', '8', 'Sea', '1', 'none', 'available');
INSERT INTO `ehotelsdb`.`room` (`hotel_chain_ID`, `hotel_ID`, `room_ID`, `room_number`, `price`, `amenities`, `capacity`, `view`, `is_extendable`, `damage_list`, `room_status`) VALUES ('The Barriot',  'Roses Hotel', '60', '60', '388', 'full', '1', 'Mountain', '1', 'none', 'available');
INSERT INTO `ehotelsdb`.`room` (`hotel_chain_ID`, `hotel_ID`, `room_ID`, `room_number`, `price`, `amenities`, `capacity`, `view`, `is_extendable`, `damage_list`, `room_status`) VALUES ('The Barriot',  'Voyager Valley Lodge', '61', '61', '486', 'full', '10', 'Mountain', '0', 'none', 'available');
INSERT INTO `ehotelsdb`.`room` (`hotel_chain_ID`, `hotel_ID`, `room_ID`, `room_number`, `price`, `amenities`, `capacity`, `view`, `is_extendable`, `damage_list`, `room_status`) VALUES ('The Barriot',  'Voyager Valley Lodge', '62', '62', '325', 'full', '10', 'Sea', '0', 'none', 'available');
INSERT INTO `ehotelsdb`.`room` (`hotel_chain_ID`, `hotel_ID`, `room_ID`, `room_number`, `price`, `amenities`, `capacity`, `view`, `is_extendable`, `damage_list`, `room_status`) VALUES ('The Barriot',  'Voyager Valley Lodge', '63', '63', '83', 'full', '1', 'Sea', '0', 'none', 'available');
INSERT INTO `ehotelsdb`.`room` (`hotel_chain_ID`, `hotel_ID`, `room_ID`, `room_number`, `price`, `amenities`, `capacity`, `view`, `is_extendable`, `damage_list`, `room_status`) VALUES ('The Barriot',  'Voyager Valley Lodge', '64', '64', '200', 'full', '8', 'Mountain', '0', 'none', 'available');
INSERT INTO `ehotelsdb`.`room` (`hotel_chain_ID`, `hotel_ID`, `room_ID`, `room_number`, `price`, `amenities`, `capacity`, `view`, `is_extendable`, `damage_list`, `room_status`) VALUES ('The Barriot',  'Voyager Valley Lodge', '65', '65', '484', 'full', '1', 'Sea', '0', 'none', 'available');
INSERT INTO `ehotelsdb`.`room` (`hotel_chain_ID`, `hotel_ID`, `room_ID`, `room_number`, `price`, `amenities`, `capacity`, `view`, `is_extendable`, `damage_list`, `room_status`) VALUES ('The Barriot',  'Whispering Willow Hotel', '66', '66', '243', 'full', '5', 'Sea', '0', 'none', 'available');
INSERT INTO `ehotelsdb`.`room` (`hotel_chain_ID`, `hotel_ID`, `room_ID`, `room_number`, `price`, `amenities`, `capacity`, `view`, `is_extendable`, `damage_list`, `room_status`) VALUES ('The Barriot',  'Whispering Willow Hotel', '67', '67', '313', 'full', '9', 'Sea', '1', 'none', 'available');
INSERT INTO `ehotelsdb`.`room` (`hotel_chain_ID`, `hotel_ID`, `room_ID`, `room_number`, `price`, `amenities`, `capacity`, `view`, `is_extendable`, `damage_list`, `room_status`) VALUES ('The Barriot',  'Whispering Willow Hotel', '68', '68', '150', 'full', '6', 'Sea', '0', 'none', 'available');
INSERT INTO `ehotelsdb`.`room` (`hotel_chain_ID`, `hotel_ID`, `room_ID`, `room_number`, `price`, `amenities`, `capacity`, `view`, `is_extendable`, `damage_list`, `room_status`) VALUES ('The Barriot',  'Whispering Willow Hotel', '69', '69', '115', 'full', '3', 'Mountain', '0', 'none', 'available');
INSERT INTO `ehotelsdb`.`room` (`hotel_chain_ID`, `hotel_ID`, `room_ID`, `room_number`, `price`, `amenities`, `capacity`, `view`, `is_extendable`, `damage_list`, `room_status`) VALUES ('The Barriot',  'Whispering Willow Hotel', '70', '70', '453', 'full', '2', 'Mountain', '0', 'none', 'available');
INSERT INTO `ehotelsdb`.`room` (`hotel_chain_ID`, `hotel_ID`, `room_ID`, `room_number`, `price`, `amenities`, `capacity`, `view`, `is_extendable`, `damage_list`, `room_status`) VALUES ('The Barriot',  'Xanadu Xperience Resort', '71', '71', '83', 'full', '5', 'Sea', '0', 'none', 'available');
INSERT INTO `ehotelsdb`.`room` (`hotel_chain_ID`, `hotel_ID`, `room_ID`, `room_number`, `price`, `amenities`, `capacity`, `view`, `is_extendable`, `damage_list`, `room_status`) VALUES ('The Barriot',  'Xanadu Xperience Resort', '72', '72', '239', 'full', '5', 'Mountain', '0', 'none', 'available');
INSERT INTO `ehotelsdb`.`room` (`hotel_chain_ID`, `hotel_ID`, `room_ID`, `room_number`, `price`, `amenities`, `capacity`, `view`, `is_extendable`, `damage_list`, `room_status`) VALUES ('The Barriot',  'Xanadu Xperience Resort', '73', '73', '191', 'full', '1', 'Mountain', '0', 'none', 'available');
INSERT INTO `ehotelsdb`.`room` (`hotel_chain_ID`, `hotel_ID`, `room_ID`, `room_number`, `price`, `amenities`, `capacity`, `view`, `is_extendable`, `damage_list`, `room_status`) VALUES ('The Barriot',  'Xanadu Xperience Resort', '74', '74', '35', 'full', '7', 'Sea', '0', 'none', 'available');
INSERT INTO `ehotelsdb`.`room` (`hotel_chain_ID`, `hotel_ID`, `room_ID`, `room_number`, `price`, `amenities`, `capacity`, `view`, `is_extendable`, `damage_list`, `room_status`) VALUES ('The Barriot',  'Xanadu Xperience Resort', '75', '75', '210', 'full', '8', 'Sea', '1', 'none', 'available');
INSERT INTO `ehotelsdb`.`room` (`hotel_chain_ID`, `hotel_ID`, `room_ID`, `room_number`, `price`, `amenities`, `capacity`, `view`, `is_extendable`, `damage_list`, `room_status`) VALUES ('The Barriot',  'Yonder Yacht Club', '76', '76', '344', 'full', '8', 'Sea', '0', 'none', 'available');
INSERT INTO `ehotelsdb`.`room` (`hotel_chain_ID`, `hotel_ID`, `room_ID`, `room_number`, `price`, `amenities`, `capacity`, `view`, `is_extendable`, `damage_list`, `room_status`) VALUES ('The Barriot',  'Yonder Yacht Club', '77', '77', '391', 'full', '9', 'Mountain', '1', 'none', 'available');
INSERT INTO `ehotelsdb`.`room` (`hotel_chain_ID`, `hotel_ID`, `room_ID`, `room_number`, `price`, `amenities`, `capacity`, `view`, `is_extendable`, `damage_list`, `room_status`) VALUES ('The Barriot',  'Yonder Yacht Club', '78', '78', '149', 'full', '1', 'Mountain', '1', 'none', 'available');
INSERT INTO `ehotelsdb`.`room` (`hotel_chain_ID`, `hotel_ID`, `room_ID`, `room_number`, `price`, `amenities`, `capacity`, `view`, `is_extendable`, `damage_list`, `room_status`) VALUES ('The Barriot',  'Yonder Yacht Club', '79', '79', '250', 'full', '10', 'Sea', '1', 'none', 'available');
INSERT INTO `ehotelsdb`.`room` (`hotel_chain_ID`, `hotel_ID`, `room_ID`, `room_number`, `price`, `amenities`, `capacity`, `view`, `is_extendable`, `damage_list`, `room_status`) VALUES ('The Barriot',  'Yonder Yacht Club', '80', '80', '474', 'full', '4', 'Mountain', '1', 'none', 'available');
INSERT INTO `ehotelsdb`.`room` (`hotel_chain_ID`, `hotel_ID`, `room_ID`, `room_number`, `price`, `amenities`, `capacity`, `view`, `is_extendable`, `damage_list`, `room_status`) VALUES ('Monak Inn',  'Zenith Zen Hotel', '81', '81', '225', 'full', '9', 'Mountain', '1', 'none', 'available');
INSERT INTO `ehotelsdb`.`room` (`hotel_chain_ID`, `hotel_ID`, `room_ID`, `room_number`, `price`, `amenities`, `capacity`, `view`, `is_extendable`, `damage_list`, `room_status`) VALUES ('Monak Inn',  'Zenith Zen Hotel', '82', '82', '204', 'full', '2', 'Sea', '1', 'none', 'available');
INSERT INTO `ehotelsdb`.`room` (`hotel_chain_ID`, `hotel_ID`, `room_ID`, `room_number`, `price`, `amenities`, `capacity`, `view`, `is_extendable`, `damage_list`, `room_status`) VALUES ('Monak Inn',  'Zenith Zen Hotel', '83', '83', '316', 'full', '6', 'Mountain', '0', 'none', 'available');
INSERT INTO `ehotelsdb`.`room` (`hotel_chain_ID`, `hotel_ID`, `room_ID`, `room_number`, `price`, `amenities`, `capacity`, `view`, `is_extendable`, `damage_list`, `room_status`) VALUES ('Monak Inn',  'Zenith Zen Hotel', '84', '84', '100', 'full', '2', 'Mountain', '1', 'none', 'available');
INSERT INTO `ehotelsdb`.`room` (`hotel_chain_ID`, `hotel_ID`, `room_ID`, `room_number`, `price`, `amenities`, `capacity`, `view`, `is_extendable`, `damage_list`, `room_status`) VALUES ('Monak Inn',  'Zenith Zen Hotel', '85', '85', '280', 'full', '3', 'Sea', '0', 'none', 'available');
INSERT INTO `ehotelsdb`.`room` (`hotel_chain_ID`, `hotel_ID`, `room_ID`, `room_number`, `price`, `amenities`, `capacity`, `view`, `is_extendable`, `damage_list`, `room_status`) VALUES ('Monak Inn',  'Arcadia Arches Hotel', '86', '86', '70', 'full', '1', 'Mountain', '1', 'none', 'available');
INSERT INTO `ehotelsdb`.`room` (`hotel_chain_ID`, `hotel_ID`, `room_ID`, `room_number`, `price`, `amenities`, `capacity`, `view`, `is_extendable`, `damage_list`, `room_status`) VALUES ('Monak Inn',  'Arcadia Arches Hotel', '87', '87', '100', 'full', '6', 'Mountain', '1', 'none', 'available');
INSERT INTO `ehotelsdb`.`room` (`hotel_chain_ID`, `hotel_ID`, `room_ID`, `room_number`, `price`, `amenities`, `capacity`, `view`, `is_extendable`, `damage_list`, `room_status`) VALUES ('Monak Inn',  'Arcadia Arches Hotel', '88', '88', '385', 'full', '7', 'Sea', '1', 'none', 'available');
INSERT INTO `ehotelsdb`.`room` (`hotel_chain_ID`, `hotel_ID`, `room_ID`, `room_number`, `price`, `amenities`, `capacity`, `view`, `is_extendable`, `damage_list`, `room_status`) VALUES ('Monak Inn',  'Arcadia Arches Hotel', '89', '89', '223', 'full', '6', 'Mountain', '0', 'none', 'available');
INSERT INTO `ehotelsdb`.`room` (`hotel_chain_ID`, `hotel_ID`, `room_ID`, `room_number`, `price`, `amenities`, `capacity`, `view`, `is_extendable`, `damage_list`, `room_status`) VALUES ('Monak Inn',  'Arcadia Arches Hotel', '90', '90', '153', 'full', '4', 'Sea', '0', 'none', 'available');
INSERT INTO `ehotelsdb`.`room` (`hotel_chain_ID`, `hotel_ID`, `room_ID`, `room_number`, `price`, `amenities`, `capacity`, `view`, `is_extendable`, `damage_list`, `room_status`) VALUES ('Monak Inn',  'Elysian Retreat Hotel', '91', '91', '385', 'full', '5', 'Mountain', '1', 'none', 'available');
INSERT INTO `ehotelsdb`.`room` (`hotel_chain_ID`, `hotel_ID`, `room_ID`, `room_number`, `price`, `amenities`, `capacity`, `view`, `is_extendable`, `damage_list`, `room_status`) VALUES ('Monak Inn',  'Elysian Retreat Hotel', '92', '92', '92', 'full', '3', 'Sea', '0', 'none', 'available');
INSERT INTO `ehotelsdb`.`room` (`hotel_chain_ID`, `hotel_ID`, `room_ID`, `room_number`, `price`, `amenities`, `capacity`, `view`, `is_extendable`, `damage_list`, `room_status`) VALUES ('Monak Inn',  'Elysian Retreat Hotel', '93', '93', '187', 'full', '3', 'Sea', '0', 'none', 'available');
INSERT INTO `ehotelsdb`.`room` (`hotel_chain_ID`, `hotel_ID`, `room_ID`, `room_number`, `price`, `amenities`, `capacity`, `view`, `is_extendable`, `damage_list`, `room_status`) VALUES ('Monak Inn',  'Elysian Retreat Hotel', '94', '94', '343', 'full', '1', 'Mountain', '0', 'none', 'available');
INSERT INTO `ehotelsdb`.`room` (`hotel_chain_ID`, `hotel_ID`, `room_ID`, `room_number`, `price`, `amenities`, `capacity`, `view`, `is_extendable`, `damage_list`, `room_status`) VALUES ('Monak Inn',  'Elysian Retreat Hotel', '95', '95', '120', 'full', '10', 'Sea', '0', 'none', 'available');
INSERT INTO `ehotelsdb`.`room` (`hotel_chain_ID`, `hotel_ID`, `room_ID`, `room_number`, `price`, `amenities`, `capacity`, `view`, `is_extendable`, `damage_list`, `room_status`) VALUES ('Monak Inn',  'Azure Marina Hotel', '96', '96', '298', 'full', '2', 'Sea', '1', 'none', 'available');
INSERT INTO `ehotelsdb`.`room` (`hotel_chain_ID`, `hotel_ID`, `room_ID`, `room_number`, `price`, `amenities`, `capacity`, `view`, `is_extendable`, `damage_list`, `room_status`) VALUES ('Monak Inn',  'Azure Marina Hotel', '97', '97', '271', 'full', '5', 'Sea', '1', 'none', 'available');
INSERT INTO `ehotelsdb`.`room` (`hotel_chain_ID`, `hotel_ID`, `room_ID`, `room_number`, `price`, `amenities`, `capacity`, `view`, `is_extendable`, `damage_list`, `room_status`) VALUES ('Monak Inn',  'Azure Marina Hotel', '98', '98', '325', 'full', '6', 'Sea', '0', 'none', 'available');
INSERT INTO `ehotelsdb`.`room` (`hotel_chain_ID`, `hotel_ID`, `room_ID`, `room_number`, `price`, `amenities`, `capacity`, `view`, `is_extendable`, `damage_list`, `room_status`) VALUES ('Monak Inn',  'Azure Marina Hotel', '99', '99', '395', 'full', '1', 'Mountain', '0', 'none', 'available');
INSERT INTO `ehotelsdb`.`room` (`hotel_chain_ID`, `hotel_ID`, `room_ID`, `room_number`, `price`, `amenities`, `capacity`, `view`, `is_extendable`, `damage_list`, `room_status`) VALUES ('Monak Inn',  'Azure Marina Hotel', '100', '100', '441', 'full', '4', 'Sea', '0', 'none', 'available');
INSERT INTO `ehotelsdb`.`room` (`hotel_chain_ID`, `hotel_ID`, `room_ID`, `room_number`, `price`, `amenities`, `capacity`, `view`, `is_extendable`, `damage_list`, `room_status`) VALUES ('Monak Inn',  'Golden Sands Resort', '101', '101', '93', 'full', '3', 'Mountain', '0', 'none', 'available');
INSERT INTO `ehotelsdb`.`room` (`hotel_chain_ID`, `hotel_ID`, `room_ID`, `room_number`, `price`, `amenities`, `capacity`, `view`, `is_extendable`, `damage_list`, `room_status`) VALUES ('Monak Inn',  'Golden Sands Resort', '102', '102', '414', 'full', '8', 'Mountain', '1', 'none', 'available');
INSERT INTO `ehotelsdb`.`room` (`hotel_chain_ID`, `hotel_ID`, `room_ID`, `room_number`, `price`, `amenities`, `capacity`, `view`, `is_extendable`, `damage_list`, `room_status`) VALUES ('Monak Inn',  'Golden Sands Resort', '103', '103', '126', 'full', '4', 'Mountain', '0', 'none', 'available');
INSERT INTO `ehotelsdb`.`room` (`hotel_chain_ID`, `hotel_ID`, `room_ID`, `room_number`, `price`, `amenities`, `capacity`, `view`, `is_extendable`, `damage_list`, `room_status`) VALUES ('Monak Inn',  'Golden Sands Resort', '104', '104', '191', 'full', '10', 'Mountain', '0', 'none', 'available');
INSERT INTO `ehotelsdb`.`room` (`hotel_chain_ID`, `hotel_ID`, `room_ID`, `room_number`, `price`, `amenities`, `capacity`, `view`, `is_extendable`, `damage_list`, `room_status`) VALUES ('Monak Inn',  'Golden Sands Resort', '105', '105', '169', 'full', '3', 'Sea', '1', 'none', 'available');
INSERT INTO `ehotelsdb`.`room` (`hotel_chain_ID`, `hotel_ID`, `room_ID`, `room_number`, `price`, `amenities`, `capacity`, `view`, `is_extendable`, `damage_list`, `room_status`) VALUES ('Monak Inn',  'Crystal Heights Hotel', '106', '106', '470', 'full', '3', 'Sea', '1', 'none', 'available');
INSERT INTO `ehotelsdb`.`room` (`hotel_chain_ID`, `hotel_ID`, `room_ID`, `room_number`, `price`, `amenities`, `capacity`, `view`, `is_extendable`, `damage_list`, `room_status`) VALUES ('Monak Inn',  'Crystal Heights Hotel', '107', '107', '469', 'full', '6', 'Sea', '1', 'none', 'available');
INSERT INTO `ehotelsdb`.`room` (`hotel_chain_ID`, `hotel_ID`, `room_ID`, `room_number`, `price`, `amenities`, `capacity`, `view`, `is_extendable`, `damage_list`, `room_status`) VALUES ('Monak Inn',  'Crystal Heights Hotel', '108', '108', '149', 'full', '2', 'Sea', '1', 'none', 'available');
INSERT INTO `ehotelsdb`.`room` (`hotel_chain_ID`, `hotel_ID`, `room_ID`, `room_number`, `price`, `amenities`, `capacity`, `view`, `is_extendable`, `damage_list`, `room_status`) VALUES ('Monak Inn',  'Crystal Heights Hotel', '109', '109', '152', 'full', '3', 'Sea', '0', 'none', 'available');
INSERT INTO `ehotelsdb`.`room` (`hotel_chain_ID`, `hotel_ID`, `room_ID`, `room_number`, `price`, `amenities`, `capacity`, `view`, `is_extendable`, `damage_list`, `room_status`) VALUES ('Monak Inn',  'Crystal Heights Hotel', '110', '110', '142', 'full', '7', 'Sea', '0', 'none', 'available');
INSERT INTO `ehotelsdb`.`room` (`hotel_chain_ID`, `hotel_ID`, `room_ID`, `room_number`, `price`, `amenities`, `capacity`, `view`, `is_extendable`, `damage_list`, `room_status`) VALUES ('Monak Inn',  'Silver Peak Hotel', '111', '111', '202', 'full', '4', 'Mountain', '0', 'none', 'available');
INSERT INTO `ehotelsdb`.`room` (`hotel_chain_ID`, `hotel_ID`, `room_ID`, `room_number`, `price`, `amenities`, `capacity`, `view`, `is_extendable`, `damage_list`, `room_status`) VALUES ('Monak Inn',  'Silver Peak Hotel', '112', '112', '62', 'full', '2', 'Sea', '1', 'none', 'available');
INSERT INTO `ehotelsdb`.`room` (`hotel_chain_ID`, `hotel_ID`, `room_ID`, `room_number`, `price`, `amenities`, `capacity`, `view`, `is_extendable`, `damage_list`, `room_status`) VALUES ('Monak Inn',  'Silver Peak Hotel', '113', '113', '365', 'full', '2', 'Mountain', '1', 'none', 'available');
INSERT INTO `ehotelsdb`.`room` (`hotel_chain_ID`, `hotel_ID`, `room_ID`, `room_number`, `price`, `amenities`, `capacity`, `view`, `is_extendable`, `damage_list`, `room_status`) VALUES ('Monak Inn',  'Silver Peak Hotel', '114', '114', '99', 'full', '7', 'Mountain', '1', 'none', 'available');
INSERT INTO `ehotelsdb`.`room` (`hotel_chain_ID`, `hotel_ID`, `room_ID`, `room_number`, `price`, `amenities`, `capacity`, `view`, `is_extendable`, `damage_list`, `room_status`) VALUES ('Monak Inn',  'Silver Peak Hotel', '115', '115', '96', 'full', '4', 'Sea', '1', 'none', 'available');
INSERT INTO `ehotelsdb`.`room` (`hotel_chain_ID`, `hotel_ID`, `room_ID`, `room_number`, `price`, `amenities`, `capacity`, `view`, `is_extendable`, `damage_list`, `room_status`) VALUES ('Monak Inn',  'Emerald Lake Hotel', '116', '116', '137', 'full', '4', 'Sea', '1', 'none', 'available');
INSERT INTO `ehotelsdb`.`room` (`hotel_chain_ID`, `hotel_ID`, `room_ID`, `room_number`, `price`, `amenities`, `capacity`, `view`, `is_extendable`, `damage_list`, `room_status`) VALUES ('Monak Inn',  'Emerald Lake Hotel', '117', '117', '466', 'full', '8', 'Mountain', '0', 'none', 'available');
INSERT INTO `ehotelsdb`.`room` (`hotel_chain_ID`, `hotel_ID`, `room_ID`, `room_number`, `price`, `amenities`, `capacity`, `view`, `is_extendable`, `damage_list`, `room_status`) VALUES ('Monak Inn',  'Emerald Lake Hotel', '118', '118', '427', 'full', '8', 'Mountain', '0', 'none', 'available');
INSERT INTO `ehotelsdb`.`room` (`hotel_chain_ID`, `hotel_ID`, `room_ID`, `room_number`, `price`, `amenities`, `capacity`, `view`, `is_extendable`, `damage_list`, `room_status`) VALUES ('Monak Inn',  'Emerald Lake Hotel', '119', '119', '287', 'full', '9', 'Mountain', '0', 'none', 'available');
INSERT INTO `ehotelsdb`.`room` (`hotel_chain_ID`, `hotel_ID`, `room_ID`, `room_number`, `price`, `amenities`, `capacity`, `view`, `is_extendable`, `damage_list`, `room_status`) VALUES ('Monak Inn',  'Emerald Lake Hotel', '120', '120', '348', 'full', '2', 'Mountain', '0', 'none', 'available');
INSERT INTO `ehotelsdb`.`room` (`hotel_chain_ID`, `hotel_ID`, `room_ID`, `room_number`, `price`, `amenities`, `capacity`, `view`, `is_extendable`, `damage_list`, `room_status`) VALUES ('Phab Hotel',  'East Scottmouth Resort Hotel', '121', '121', '194', 'full', '7', 'Sea', '0', 'none', 'available');
INSERT INTO `ehotelsdb`.`room` (`hotel_chain_ID`, `hotel_ID`, `room_ID`, `room_number`, `price`, `amenities`, `capacity`, `view`, `is_extendable`, `damage_list`, `room_status`) VALUES ('Phab Hotel',  'East Scottmouth Resort Hotel', '122', '122', '224', 'full', '10', 'Sea', '1', 'none', 'available');
INSERT INTO `ehotelsdb`.`room` (`hotel_chain_ID`, `hotel_ID`, `room_ID`, `room_number`, `price`, `amenities`, `capacity`, `view`, `is_extendable`, `damage_list`, `room_status`) VALUES ('Phab Hotel',  'East Scottmouth Resort Hotel', '123', '123', '465', 'full', '5', 'Sea', '0', 'none', 'available');
INSERT INTO `ehotelsdb`.`room` (`hotel_chain_ID`, `hotel_ID`, `room_ID`, `room_number`, `price`, `amenities`, `capacity`, `view`, `is_extendable`, `damage_list`, `room_status`) VALUES ('Phab Hotel',  'East Scottmouth Resort Hotel', '124', '124', '117', 'full', '2', 'Mountain', '0', 'none', 'available');
INSERT INTO `ehotelsdb`.`room` (`hotel_chain_ID`, `hotel_ID`, `room_ID`, `room_number`, `price`, `amenities`, `capacity`, `view`, `is_extendable`, `damage_list`, `room_status`) VALUES ('Phab Hotel',  'East Scottmouth Resort Hotel', '125', '125', '160', 'full', '3', 'Mountain', '1', 'none', 'available');
INSERT INTO `ehotelsdb`.`room` (`hotel_chain_ID`, `hotel_ID`, `room_ID`, `room_number`, `price`, `amenities`, `capacity`, `view`, `is_extendable`, `damage_list`, `room_status`) VALUES ('Phab Hotel',  'Lake Carriefurt Garden Hotel', '126', '126', '162', 'full', '7', 'Mountain', '0', 'none', 'available');
INSERT INTO `ehotelsdb`.`room` (`hotel_chain_ID`, `hotel_ID`, `room_ID`, `room_number`, `price`, `amenities`, `capacity`, `view`, `is_extendable`, `damage_list`, `room_status`) VALUES ('Phab Hotel',  'Lake Carriefurt Garden Hotel', '127', '127', '175', 'full', '2', 'Sea', '0', 'none', 'available');
INSERT INTO `ehotelsdb`.`room` (`hotel_chain_ID`, `hotel_ID`, `room_ID`, `room_number`, `price`, `amenities`, `capacity`, `view`, `is_extendable`, `damage_list`, `room_status`) VALUES ('Phab Hotel',  'Lake Carriefurt Garden Hotel', '128', '128', '480', 'full', '7', 'Sea', '1', 'none', 'available');
INSERT INTO `ehotelsdb`.`room` (`hotel_chain_ID`, `hotel_ID`, `room_ID`, `room_number`, `price`, `amenities`, `capacity`, `view`, `is_extendable`, `damage_list`, `room_status`) VALUES ('Phab Hotel',  'Lake Carriefurt Garden Hotel', '129', '129', '50', 'full', '3', 'Sea', '1', 'none', 'available');
INSERT INTO `ehotelsdb`.`room` (`hotel_chain_ID`, `hotel_ID`, `room_ID`, `room_number`, `price`, `amenities`, `capacity`, `view`, `is_extendable`, `damage_list`, `room_status`) VALUES ('Phab Hotel',  'Lake Carriefurt Garden Hotel', '130', '130', '188', 'full', '10', 'Mountain', '0', 'none', 'available');
INSERT INTO `ehotelsdb`.`room` (`hotel_chain_ID`, `hotel_ID`, `room_ID`, `room_number`, `price`, `amenities`, `capacity`, `view`, `is_extendable`, `damage_list`, `room_status`) VALUES ('Phab Hotel',  'Kramerbury Central Hotel', '131', '131', '288', 'full', '7', 'Sea', '0', 'none', 'available');
INSERT INTO `ehotelsdb`.`room` (`hotel_chain_ID`, `hotel_ID`, `room_ID`, `room_number`, `price`, `amenities`, `capacity`, `view`, `is_extendable`, `damage_list`, `room_status`) VALUES ('Phab Hotel',  'Kramerbury Central Hotel', '132', '132', '424', 'full', '9', 'Sea', '0', 'none', 'available');
INSERT INTO `ehotelsdb`.`room` (`hotel_chain_ID`, `hotel_ID`, `room_ID`, `room_number`, `price`, `amenities`, `capacity`, `view`, `is_extendable`, `damage_list`, `room_status`) VALUES ('Phab Hotel',  'Kramerbury Central Hotel', '133', '133', '415', 'full', '8', 'Sea', '0', 'none', 'available');
INSERT INTO `ehotelsdb`.`room` (`hotel_chain_ID`, `hotel_ID`, `room_ID`, `room_number`, `price`, `amenities`, `capacity`, `view`, `is_extendable`, `damage_list`, `room_status`) VALUES ('Phab Hotel',  'Kramerbury Central Hotel', '134', '134', '248', 'full', '2', 'Mountain', '1', 'none', 'available');
INSERT INTO `ehotelsdb`.`room` (`hotel_chain_ID`, `hotel_ID`, `room_ID`, `room_number`, `price`, `amenities`, `capacity`, `view`, `is_extendable`, `damage_list`, `room_status`) VALUES ('Phab Hotel',  'Kramerbury Central Hotel', '135', '135', '139', 'full', '8', 'Sea', '0', 'none', 'available');
INSERT INTO `ehotelsdb`.`room` (`hotel_chain_ID`, `hotel_ID`, `room_ID`, `room_number`, `price`, `amenities`, `capacity`, `view`, `is_extendable`, `damage_list`, `room_status`) VALUES ('Phab Hotel',  'North Lindsay Park Hotel', '136', '136', '453', 'full', '7', 'Sea', '1', 'none', 'available');
INSERT INTO `ehotelsdb`.`room` (`hotel_chain_ID`, `hotel_ID`, `room_ID`, `room_number`, `price`, `amenities`, `capacity`, `view`, `is_extendable`, `damage_list`, `room_status`) VALUES ('Phab Hotel',  'North Lindsay Park Hotel', '137', '137', '468', 'full', '5', 'Mountain', '1', 'none', 'available');
INSERT INTO `ehotelsdb`.`room` (`hotel_chain_ID`, `hotel_ID`, `room_ID`, `room_number`, `price`, `amenities`, `capacity`, `view`, `is_extendable`, `damage_list`, `room_status`) VALUES ('Phab Hotel',  'North Lindsay Park Hotel', '138', '138', '478', 'full', '7', 'Mountain', '0', 'none', 'available');
INSERT INTO `ehotelsdb`.`room` (`hotel_chain_ID`, `hotel_ID`, `room_ID`, `room_number`, `price`, `amenities`, `capacity`, `view`, `is_extendable`, `damage_list`, `room_status`) VALUES ('Phab Hotel',  'North Lindsay Park Hotel', '139', '139', '165', 'full', '8', 'Mountain', '1', 'none', 'available');
INSERT INTO `ehotelsdb`.`room` (`hotel_chain_ID`, `hotel_ID`, `room_ID`, `room_number`, `price`, `amenities`, `capacity`, `view`, `is_extendable`, `damage_list`, `room_status`) VALUES ('Phab Hotel',  'North Lindsay Park Hotel', '140', '140', '134', 'full', '10', 'Sea', '1', 'none', 'available');
INSERT INTO `ehotelsdb`.`room` (`hotel_chain_ID`, `hotel_ID`, `room_ID`, `room_number`, `price`, `amenities`, `capacity`, `view`, `is_extendable`, `damage_list`, `room_status`) VALUES ('Phab Hotel',  'Kevintown Grand Hotel', '141', '141', '247', 'full', '5', 'Mountain', '0', 'none', 'available');
INSERT INTO `ehotelsdb`.`room` (`hotel_chain_ID`, `hotel_ID`, `room_ID`, `room_number`, `price`, `amenities`, `capacity`, `view`, `is_extendable`, `damage_list`, `room_status`) VALUES ('Phab Hotel',  'Kevintown Grand Hotel', '142', '142', '39', 'full', '10', 'Mountain', '1', 'none', 'available');
INSERT INTO `ehotelsdb`.`room` (`hotel_chain_ID`, `hotel_ID`, `room_ID`, `room_number`, `price`, `amenities`, `capacity`, `view`, `is_extendable`, `damage_list`, `room_status`) VALUES ('Phab Hotel',  'Kevintown Grand Hotel', '143', '143', '46', 'full', '4', 'Sea', '1', 'none', 'available');
INSERT INTO `ehotelsdb`.`room` (`hotel_chain_ID`, `hotel_ID`, `room_ID`, `room_number`, `price`, `amenities`, `capacity`, `view`, `is_extendable`, `damage_list`, `room_status`) VALUES ('Phab Hotel',  'Kevintown Grand Hotel', '144', '144', '419', 'full', '5', 'Mountain', '0', 'none', 'available');
INSERT INTO `ehotelsdb`.`room` (`hotel_chain_ID`, `hotel_ID`, `room_ID`, `room_number`, `price`, `amenities`, `capacity`, `view`, `is_extendable`, `damage_list`, `room_status`) VALUES ('Phab Hotel',  'Kevintown Grand Hotel', '145', '145', '184', 'full', '7', 'Mountain', '0', 'none', 'available');
INSERT INTO `ehotelsdb`.`room` (`hotel_chain_ID`, `hotel_ID`, `room_ID`, `room_number`, `price`, `amenities`, `capacity`, `view`, `is_extendable`, `damage_list`, `room_status`) VALUES ('Phab Hotel',  'Medinaside Resort Hotel', '146', '146', '325', 'full', '4', 'Mountain', '1', 'none', 'available');
INSERT INTO `ehotelsdb`.`room` (`hotel_chain_ID`, `hotel_ID`, `room_ID`, `room_number`, `price`, `amenities`, `capacity`, `view`, `is_extendable`, `damage_list`, `room_status`) VALUES ('Phab Hotel',  'Medinaside Resort Hotel', '147', '147', '391', 'full', '3', 'Mountain', '1', 'none', 'available');
INSERT INTO `ehotelsdb`.`room` (`hotel_chain_ID`, `hotel_ID`, `room_ID`, `room_number`, `price`, `amenities`, `capacity`, `view`, `is_extendable`, `damage_list`, `room_status`) VALUES ('Phab Hotel',  'Medinaside Resort Hotel', '148', '148', '248', 'full', '7', 'Mountain', '1', 'none', 'available');
INSERT INTO `ehotelsdb`.`room` (`hotel_chain_ID`, `hotel_ID`, `room_ID`, `room_number`, `price`, `amenities`, `capacity`, `view`, `is_extendable`, `damage_list`, `room_status`) VALUES ('Phab Hotel',  'Medinaside Resort Hotel', '149', '149', '401', 'full', '7', 'Mountain', '0', 'none', 'available');
INSERT INTO `ehotelsdb`.`room` (`hotel_chain_ID`, `hotel_ID`, `room_ID`, `room_number`, `price`, `amenities`, `capacity`, `view`, `is_extendable`, `damage_list`, `room_status`) VALUES ('Phab Hotel',  'Medinaside Resort Hotel', '150', '150', '230', 'full', '4', 'Mountain', '0', 'none', 'available');
INSERT INTO `ehotelsdb`.`room` (`hotel_chain_ID`, `hotel_ID`, `room_ID`, `room_number`, `price`, `amenities`, `capacity`, `view`, `is_extendable`, `damage_list`, `room_status`) VALUES ('Phab Hotel',  'West Royal Hotel', '151', '151', '66', 'full', '6', 'Mountain', '0', 'none', 'available');
INSERT INTO `ehotelsdb`.`room` (`hotel_chain_ID`, `hotel_ID`, `room_ID`, `room_number`, `price`, `amenities`, `capacity`, `view`, `is_extendable`, `damage_list`, `room_status`) VALUES ('Phab Hotel',  'West Royal Hotel', '152', '152', '257', 'full', '3', 'Mountain', '0', 'none', 'available');
INSERT INTO `ehotelsdb`.`room` (`hotel_chain_ID`, `hotel_ID`, `room_ID`, `room_number`, `price`, `amenities`, `capacity`, `view`, `is_extendable`, `damage_list`, `room_status`) VALUES ('Phab Hotel',  'West Royal Hotel', '153', '153', '78', 'full', '10', 'Sea', '0', 'none', 'available');
INSERT INTO `ehotelsdb`.`room` (`hotel_chain_ID`, `hotel_ID`, `room_ID`, `room_number`, `price`, `amenities`, `capacity`, `view`, `is_extendable`, `damage_list`, `room_status`) VALUES ('Phab Hotel',  'West Royal Hotel', '154', '154', '117', 'full', '4', 'Sea', '1', 'none', 'available');
INSERT INTO `ehotelsdb`.`room` (`hotel_chain_ID`, `hotel_ID`, `room_ID`, `room_number`, `price`, `amenities`, `capacity`, `view`, `is_extendable`, `damage_list`, `room_status`) VALUES ('Phab Hotel',  'West Royal Hotel', '155', '155', '264', 'full', '6', 'Sea', '1', 'none', 'available');
INSERT INTO `ehotelsdb`.`room` (`hotel_chain_ID`, `hotel_ID`, `room_ID`, `room_number`, `price`, `amenities`, `capacity`, `view`, `is_extendable`, `damage_list`, `room_status`) VALUES ('Phab Hotel',  'West William Grand Hotel', '156', '156', '350', 'full', '3', 'Mountain', '0', 'none', 'available');
INSERT INTO `ehotelsdb`.`room` (`hotel_chain_ID`, `hotel_ID`, `room_ID`, `room_number`, `price`, `amenities`, `capacity`, `view`, `is_extendable`, `damage_list`, `room_status`) VALUES ('Phab Hotel',  'West William Grand Hotel', '157', '157', '330', 'full', '5', 'Sea', '1', 'none', 'available');
INSERT INTO `ehotelsdb`.`room` (`hotel_chain_ID`, `hotel_ID`, `room_ID`, `room_number`, `price`, `amenities`, `capacity`, `view`, `is_extendable`, `damage_list`, `room_status`) VALUES ('Phab Hotel',  'West William Grand Hotel', '158', '158', '119', 'full', '6', 'Sea', '1', 'none', 'available');
INSERT INTO `ehotelsdb`.`room` (`hotel_chain_ID`, `hotel_ID`, `room_ID`, `room_number`, `price`, `amenities`, `capacity`, `view`, `is_extendable`, `damage_list`, `room_status`) VALUES ('Phab Hotel',  'West William Grand Hotel', '159', '159', '174', 'full', '6', 'Sea', '1', 'none', 'available');
INSERT INTO `ehotelsdb`.`room` (`hotel_chain_ID`, `hotel_ID`, `room_ID`, `room_number`, `price`, `amenities`, `capacity`, `view`, `is_extendable`, `damage_list`, `room_status`) VALUES ('Phab Hotel',  'West William Grand Hotel', '160', '160', '41', 'full', '1', 'Sea', '1', 'none', 'available');
INSERT INTO `ehotelsdb`.`room` (`hotel_chain_ID`, `hotel_ID`, `room_ID`, `room_number`, `price`, `amenities`, `capacity`, `view`, `is_extendable`, `damage_list`, `room_status`) VALUES ('Stone Hotels',  'Griffithbury Resort Hotel', '161', '161', '55', 'full', '7', 'Mountain', '1', 'none', 'available');
INSERT INTO `ehotelsdb`.`room` (`hotel_chain_ID`, `hotel_ID`, `room_ID`, `room_number`, `price`, `amenities`, `capacity`, `view`, `is_extendable`, `damage_list`, `room_status`) VALUES ('Stone Hotels',  'Griffithbury Resort Hotel', '162', '162', '484', 'full', '6', 'Mountain', '0', 'none', 'available');
INSERT INTO `ehotelsdb`.`room` (`hotel_chain_ID`, `hotel_ID`, `room_ID`, `room_number`, `price`, `amenities`, `capacity`, `view`, `is_extendable`, `damage_list`, `room_status`) VALUES ('Stone Hotels',  'Griffithbury Resort Hotel', '163', '163', '496', 'full', '4', 'Sea', '1', 'none', 'available');
INSERT INTO `ehotelsdb`.`room` (`hotel_chain_ID`, `hotel_ID`, `room_ID`, `room_number`, `price`, `amenities`, `capacity`, `view`, `is_extendable`, `damage_list`, `room_status`) VALUES ('Stone Hotels',  'Griffithbury Resort Hotel', '164', '164', '108', 'full', '4', 'Sea', '1', 'none', 'available');
INSERT INTO `ehotelsdb`.`room` (`hotel_chain_ID`, `hotel_ID`, `room_ID`, `room_number`, `price`, `amenities`, `capacity`, `view`, `is_extendable`, `damage_list`, `room_status`) VALUES ('Stone Hotels',  'Griffithbury Resort Hotel', '165', '165', '365', 'full', '4', 'Sea', '1', 'none', 'available');
INSERT INTO `ehotelsdb`.`room` (`hotel_chain_ID`, `hotel_ID`, `room_ID`, `room_number`, `price`, `amenities`, `capacity`, `view`, `is_extendable`, `damage_list`, `room_status`) VALUES ('Stone Hotels',  'Reidborough Royal Hotel', '166', '166', '177', 'full', '1', 'Sea', '0', 'none', 'available');
INSERT INTO `ehotelsdb`.`room` (`hotel_chain_ID`, `hotel_ID`, `room_ID`, `room_number`, `price`, `amenities`, `capacity`, `view`, `is_extendable`, `damage_list`, `room_status`) VALUES ('Stone Hotels',  'Reidborough Royal Hotel', '167', '167', '230', 'full', '9', 'Mountain', '0', 'none', 'available');
INSERT INTO `ehotelsdb`.`room` (`hotel_chain_ID`, `hotel_ID`, `room_ID`, `room_number`, `price`, `amenities`, `capacity`, `view`, `is_extendable`, `damage_list`, `room_status`) VALUES ('Stone Hotels',  'Reidborough Royal Hotel', '168', '168', '211', 'full', '8', 'Sea', '0', 'none', 'available');
INSERT INTO `ehotelsdb`.`room` (`hotel_chain_ID`, `hotel_ID`, `room_ID`, `room_number`, `price`, `amenities`, `capacity`, `view`, `is_extendable`, `damage_list`, `room_status`) VALUES ('Stone Hotels',  'Reidborough Royal Hotel', '169', '169', '443', 'full', '8', 'Sea', '1', 'none', 'available');
INSERT INTO `ehotelsdb`.`room` (`hotel_chain_ID`, `hotel_ID`, `room_ID`, `room_number`, `price`, `amenities`, `capacity`, `view`, `is_extendable`, `damage_list`, `room_status`) VALUES ('Stone Hotels',  'Reidborough Royal Hotel', '170', '170', '301', 'full', '9', 'Sea', '0', 'none', 'available');
INSERT INTO `ehotelsdb`.`room` (`hotel_chain_ID`, `hotel_ID`, `room_ID`, `room_number`, `price`, `amenities`, `capacity`, `view`, `is_extendable`, `damage_list`, `room_status`) VALUES ('Stone Hotels',  'Jamieberg Royal Hotel', '171', '171', '43', 'full', '5', 'Mountain', '1', 'none', 'available');
INSERT INTO `ehotelsdb`.`room` (`hotel_chain_ID`, `hotel_ID`, `room_ID`, `room_number`, `price`, `amenities`, `capacity`, `view`, `is_extendable`, `damage_list`, `room_status`) VALUES ('Stone Hotels',  'Jamieberg Royal Hotel', '172', '172', '368', 'full', '7', 'Sea', '0', 'none', 'available');
INSERT INTO `ehotelsdb`.`room` (`hotel_chain_ID`, `hotel_ID`, `room_ID`, `room_number`, `price`, `amenities`, `capacity`, `view`, `is_extendable`, `damage_list`, `room_status`) VALUES ('Stone Hotels',  'Jamieberg Royal Hotel', '173', '173', '373', 'full', '2', 'Mountain', '0', 'none', 'available');
INSERT INTO `ehotelsdb`.`room` (`hotel_chain_ID`, `hotel_ID`, `room_ID`, `room_number`, `price`, `amenities`, `capacity`, `view`, `is_extendable`, `damage_list`, `room_status`) VALUES ('Stone Hotels',  'Jamieberg Royal Hotel', '174', '174', '377', 'full', '4', 'Mountain', '1', 'none', 'available');
INSERT INTO `ehotelsdb`.`room` (`hotel_chain_ID`, `hotel_ID`, `room_ID`, `room_number`, `price`, `amenities`, `capacity`, `view`, `is_extendable`, `damage_list`, `room_status`) VALUES ('Stone Hotels',  'Jamieberg Royal Hotel', '175', '175', '295', 'full', '8', 'Sea', '0', 'none', 'available');
INSERT INTO `ehotelsdb`.`room` (`hotel_chain_ID`, `hotel_ID`, `room_ID`, `room_number`, `price`, `amenities`, `capacity`, `view`, `is_extendable`, `damage_list`, `room_status`) VALUES ('Stone Hotels',  'New Amberfurt Grand Hotel', '176', '176', '383', 'full', '10', 'Mountain', '1', 'none', 'available');
INSERT INTO `ehotelsdb`.`room` (`hotel_chain_ID`, `hotel_ID`, `room_ID`, `room_number`, `price`, `amenities`, `capacity`, `view`, `is_extendable`, `damage_list`, `room_status`) VALUES ('Stone Hotels',  'New Amberfurt Grand Hotel', '177', '177', '309', 'full', '2', 'Sea', '1', 'none', 'available');
INSERT INTO `ehotelsdb`.`room` (`hotel_chain_ID`, `hotel_ID`, `room_ID`, `room_number`, `price`, `amenities`, `capacity`, `view`, `is_extendable`, `damage_list`, `room_status`) VALUES ('Stone Hotels',  'New Amberfurt Grand Hotel', '178', '178', '345', 'full', '9', 'Sea', '1', 'none', 'available');
INSERT INTO `ehotelsdb`.`room` (`hotel_chain_ID`, `hotel_ID`, `room_ID`, `room_number`, `price`, `amenities`, `capacity`, `view`, `is_extendable`, `damage_list`, `room_status`) VALUES ('Stone Hotels',  'New Amberfurt Grand Hotel', '179', '179', '250', 'full', '10', 'Sea', '0', 'none', 'available');
INSERT INTO `ehotelsdb`.`room` (`hotel_chain_ID`, `hotel_ID`, `room_ID`, `room_number`, `price`, `amenities`, `capacity`, `view`, `is_extendable`, `damage_list`, `room_status`) VALUES ('Stone Hotels',  'New Amberfurt Grand Hotel', '180', '180', '150', 'full', '8', 'Mountain', '0', 'none', 'available');
INSERT INTO `ehotelsdb`.`room` (`hotel_chain_ID`, `hotel_ID`, `room_ID`, `room_number`, `price`, `amenities`, `capacity`, `view`, `is_extendable`, `damage_list`, `room_status`) VALUES ('Stone Hotels',  'North Jasmineshire Plaza Hotel', '181', '181', '276', 'full', '3', 'Sea', '1', 'none', 'available');
INSERT INTO `ehotelsdb`.`room` (`hotel_chain_ID`, `hotel_ID`, `room_ID`, `room_number`, `price`, `amenities`, `capacity`, `view`, `is_extendable`, `damage_list`, `room_status`) VALUES ('Stone Hotels',  'North Jasmineshire Plaza Hotel', '182', '182', '113', 'full', '5', 'Mountain', '1', 'none', 'available');
INSERT INTO `ehotelsdb`.`room` (`hotel_chain_ID`, `hotel_ID`, `room_ID`, `room_number`, `price`, `amenities`, `capacity`, `view`, `is_extendable`, `damage_list`, `room_status`) VALUES ('Stone Hotels',  'North Jasmineshire Plaza Hotel', '183', '183', '395', 'full', '9', 'Sea', '1', 'none', 'available');
INSERT INTO `ehotelsdb`.`room` (`hotel_chain_ID`, `hotel_ID`, `room_ID`, `room_number`, `price`, `amenities`, `capacity`, `view`, `is_extendable`, `damage_list`, `room_status`) VALUES ('Stone Hotels',  'North Jasmineshire Plaza Hotel', '184', '184', '474', 'full', '2', 'Mountain', '0', 'none', 'available');
INSERT INTO `ehotelsdb`.`room` (`hotel_chain_ID`, `hotel_ID`, `room_ID`, `room_number`, `price`, `amenities`, `capacity`, `view`, `is_extendable`, `damage_list`, `room_status`) VALUES ('Stone Hotels',  'North Jasmineshire Plaza Hotel', '185', '185', '420', 'full', '4', 'Mountain', '0', 'none', 'available');
INSERT INTO `ehotelsdb`.`room` (`hotel_chain_ID`, `hotel_ID`, `room_ID`, `room_number`, `price`, `amenities`, `capacity`, `view`, `is_extendable`, `damage_list`, `room_status`) VALUES ('Stone Hotels',  'Paulbury Plaza Hotel', '186', '186', '99', 'full', '8', 'Sea', '1', 'none', 'available');
INSERT INTO `ehotelsdb`.`room` (`hotel_chain_ID`, `hotel_ID`, `room_ID`, `room_number`, `price`, `amenities`, `capacity`, `view`, `is_extendable`, `damage_list`, `room_status`) VALUES ('Stone Hotels',  'Paulbury Plaza Hotel', '187', '187', '143', 'full', '7', 'Sea', '1', 'none', 'available');
INSERT INTO `ehotelsdb`.`room` (`hotel_chain_ID`, `hotel_ID`, `room_ID`, `room_number`, `price`, `amenities`, `capacity`, `view`, `is_extendable`, `damage_list`, `room_status`) VALUES ('Stone Hotels',  'Paulbury Plaza Hotel', '188', '188', '278', 'full', '10', 'Sea', '0', 'none', 'available');
INSERT INTO `ehotelsdb`.`room` (`hotel_chain_ID`, `hotel_ID`, `room_ID`, `room_number`, `price`, `amenities`, `capacity`, `view`, `is_extendable`, `damage_list`, `room_status`) VALUES ('Stone Hotels',  'Paulbury Plaza Hotel', '189', '189', '289', 'full', '9', 'Mountain', '0', 'none', 'available');
INSERT INTO `ehotelsdb`.`room` (`hotel_chain_ID`, `hotel_ID`, `room_ID`, `room_number`, `price`, `amenities`, `capacity`, `view`, `is_extendable`, `damage_list`, `room_status`) VALUES ('Stone Hotels',  'Paulbury Plaza Hotel', '190', '190', '35', 'full', '2', 'Mountain', '0', 'none', 'available');
INSERT INTO `ehotelsdb`.`room` (`hotel_chain_ID`, `hotel_ID`, `room_ID`, `room_number`, `price`, `amenities`, `capacity`, `view`, `is_extendable`, `damage_list`, `room_status`) VALUES ('Stone Hotels',  'Tammytown Plaza Hotel', '191', '191', '101', 'full', '8', 'Sea', '1', 'none', 'available');
INSERT INTO `ehotelsdb`.`room` (`hotel_chain_ID`, `hotel_ID`, `room_ID`, `room_number`, `price`, `amenities`, `capacity`, `view`, `is_extendable`, `damage_list`, `room_status`) VALUES ('Stone Hotels',  'Tammytown Plaza Hotel', '192', '192', '263', 'full', '9', 'Sea', '0', 'none', 'available');
INSERT INTO `ehotelsdb`.`room` (`hotel_chain_ID`, `hotel_ID`, `room_ID`, `room_number`, `price`, `amenities`, `capacity`, `view`, `is_extendable`, `damage_list`, `room_status`) VALUES ('Stone Hotels',  'Tammytown Plaza Hotel', '193', '193', '169', 'full', '1', 'Mountain', '1', 'none', 'available');
INSERT INTO `ehotelsdb`.`room` (`hotel_chain_ID`, `hotel_ID`, `room_ID`, `room_number`, `price`, `amenities`, `capacity`, `view`, `is_extendable`, `damage_list`, `room_status`) VALUES ('Stone Hotels',  'Tammytown Plaza Hotel', '194', '194', '199', 'full', '3', 'Mountain', '0', 'none', 'available');
INSERT INTO `ehotelsdb`.`room` (`hotel_chain_ID`, `hotel_ID`, `room_ID`, `room_number`, `price`, `amenities`, `capacity`, `view`, `is_extendable`, `damage_list`, `room_status`) VALUES ('Stone Hotels',  'Tammytown Plaza Hotel', '195', '195', '337', 'full', '6', 'Sea', '0', 'none', 'available');
INSERT INTO `ehotelsdb`.`room` (`hotel_chain_ID`, `hotel_ID`, `room_ID`, `room_number`, `price`, `amenities`, `capacity`, `view`, `is_extendable`, `damage_list`, `room_status`) VALUES ('Stone Hotels',  'Brownside Central Hotel', '196', '196', '344', 'full', '8', 'Sea', '0', 'none', 'available');
INSERT INTO `ehotelsdb`.`room` (`hotel_chain_ID`, `hotel_ID`, `room_ID`, `room_number`, `price`, `amenities`, `capacity`, `view`, `is_extendable`, `damage_list`, `room_status`) VALUES ('Stone Hotels',  'Brownside Central Hotel', '197', '197', '88', 'full', '6', 'Mountain', '0', 'none', 'available');
INSERT INTO `ehotelsdb`.`room` (`hotel_chain_ID`, `hotel_ID`, `room_ID`, `room_number`, `price`, `amenities`, `capacity`, `view`, `is_extendable`, `damage_list`, `room_status`) VALUES ('Stone Hotels',  'Brownside Central Hotel', '198', '198', '487', 'full', '1', 'Sea', '1', 'none', 'available');
INSERT INTO `ehotelsdb`.`room` (`hotel_chain_ID`, `hotel_ID`, `room_ID`, `room_number`, `price`, `amenities`, `capacity`, `view`, `is_extendable`, `damage_list`, `room_status`) VALUES ('Stone Hotels',  'Brownside Central Hotel', '199', '199', '397', 'full', '2', 'Mountain', '0', 'none', 'available');
INSERT INTO `ehotelsdb`.`room` (`hotel_chain_ID`, `hotel_ID`, `room_ID`, `room_number`, `price`, `amenities`, `capacity`, `view`, `is_extendable`, `damage_list`, `room_status`) VALUES ('Stone Hotels',  'Brownside Central Hotel', '200', '200', '486', 'full', '8', 'Mountain', '1', 'none', 'available');


USE ehotelsdb;


CREATE VIEW ViewAvailableRoomsPerAreaView AS
SELECT 
	TRIM(SUBSTRING_INDEX(h.address, ',', -1)) AS location, -- get city/country part after comma
    COUNT(r.room_id) AS available_rooms
FROM hotel AS h
JOIN room AS r ON h.hotel_ID = r.hotel_ID
WHERE r.room_status = 'available'
GROUP BY location;



CREATE VIEW ViewHotelTotalCapacityView AS
SELECT h.hotel_ID, SUM(r.capacity) AS total_capacity
FROM hotel AS h
JOIN room AS r ON h.hotel_ID = r.hotel_ID
GROUP BY h.hotel_ID;



CREATE INDEX idx_rating ON hotel (rating)
CREATE INDEX idx_hotel_chain_id ON hotel (hotel_chain_ID)
CREATE INDEX idx_length_stay ON booking (length_stay)


DELIMITER $$

CREATE TRIGGER CheckIDLengthBeforeInsertEmployee
BEFORE INSERT ON employee
FOR EACH ROW
BEGIN
   IF CHAR_LENGTH(NEW.id) < 5 THEN
     SIGNAL SQLSTATE '45000' SET MESSAGE_TEXT = 'Error: Minimum characters in ID field is 5.';
   END IF;
END$$

DELIMITER ;

DELIMITER $$

CREATE TRIGGER CheckIDLengthBeforeInsert
BEFORE INSERT ON user
FOR EACH ROW
BEGIN
   IF CHAR_LENGTH(NEW.id) < 5 THEN
     SIGNAL SQLSTATE '45000' SET MESSAGE_TEXT = 'Error: Minimum characters in ID field is 5.';
   END IF;
END$$

DELIMITER ;


DELIMITER $$

CREATE TRIGGER CheckEmployeeNameBeforeInsert
BEFORE INSERT ON employee
FOR EACH ROW
BEGIN
   IF CHAR_LENGTH(NEW.full_name) < 3 THEN
     SIGNAL SQLSTATE '45000' SET MESSAGE_TEXT = 'Error: Minimum Employee full name must be at least 3 characters.';
   END IF;
END$$

DELIMITER ;



DELIMITER $$

CREATE TRIGGER CheckUserNameLengthBeforeInsert
BEFORE INSERT ON user
FOR EACH ROW
BEGIN
   IF CHAR_LENGTH(NEW.full_name) < 3 THEN
     SIGNAL SQLSTATE '45000' SET MESSAGE_TEXT = 'Error: Minimum User full name must be at least 3 characters.';
   END IF;
END$$

DELIMITER ;